{
  "500m": {
    "platform": {
      "series_count": 3,
      "throughput": 759.13,
      "error_rate": 0.4,
      "process_avg_ms": 502.66,
      "process_p99_ms": 522.64,
      "status_avg_ms": 454.43,
      "status_p99_ms": 475.45,
      "max_threads": 64,
      "max_cpu": 62.67,
      "avg_cpu": 29.4,
      "max_rss_mb": 240.47,
      "max_heap_mb": 54.0,
      "gc_events": 186,
      "gc_pause_ms": null,
      "_series": {
        "throughput": [
          758.66051,
          759.385957,
          759.127417
        ],
        "process_avg_ms": [
          502.79,
          501.92,
          502.66
        ],
        "process_p99_ms": [
          524.35,
          522.64,
          520.57
        ],
        "status_avg_ms": [
          454.43,
          454.91,
          454.19
        ],
        "status_p99_ms": [
          475.52,
          475.45,
          472.43
        ],
        "error_rate": [
          0.39,
          0.44,
          0.36
        ],
        "max_threads": [
          64,
          64,
          64
        ],
        "max_cpu": [
          68.8,
          59.4,
          59.8
        ],
        "avg_cpu": [
          31.5,
          27.8,
          28.9
        ],
        "max_rss_mb": [
          226.5,
          257.7,
          237.2
        ],
        "max_heap_mb": [
          57.0,
          57.0,
          48.0
        ],
        "gc_events": [
          182,
          186,
          190
        ],
        "gc_pause_ms": [
          null,
          null,
          null
        ]
      }
    },
    "virtual": {
      "series_count": 3,
      "throughput": 6767.87,
      "error_rate": 0.05,
      "process_avg_ms": 82.41,
      "process_p99_ms": 96.24,
      "status_avg_ms": 32.04,
      "status_p99_ms": 41.45,
      "max_threads": 17,
      "max_cpu": 212.77,
      "avg_cpu": 104.77,
      "max_rss_mb": 449.2,
      "max_heap_mb": 273.33,
      "gc_events": 307.67,
      "gc_pause_ms": null,
      "_series": {
        "throughput": [
          6817.735048,
          6767.871487,
          3167.299052
        ],
        "process_avg_ms": [
          82.01,
          82.41,
          175.78
        ],
        "process_p99_ms": [
          96.24,
          94.39,
          106.7
        ],
        "status_avg_ms": [
          31.74,
          32.04,
          68.67
        ],
        "status_p99_ms": [
          41.45,
          41.21,
          45.38
        ],
        "error_rate": [
          0.06,
          0.06,
          0.04
        ],
        "max_threads": [
          17,
          17,
          17
        ],
        "max_cpu": [
          213.7,
          212.6,
          212.0
        ],
        "avg_cpu": [
          102.3,
          105.6,
          106.4
        ],
        "max_rss_mb": [
          461.8,
          444.3,
          441.5
        ],
        "max_heap_mb": [
          276.0,
          279.0,
          265.0
        ],
        "gc_events": [
          315,
          304,
          304
        ],
        "gc_pause_ms": [
          null,
          null,
          null
        ]
      }
    }
  },
  "1cpu": {
    "platform": {
      "series_count": 3,
      "throughput": 1552.65,
      "error_rate": 0.26,
      "process_avg_ms": 255.67,
      "process_p99_ms": 269.45,
      "status_avg_ms": 207.54,
      "status_p99_ms": 220.39,
      "max_threads": 114,
      "max_cpu": 113.3,
      "avg_cpu": 42.1,
      "max_rss_mb": 249.03,
      "max_heap_mb": 87.33,
      "gc_events": 291,
      "gc_pause_ms": null,
      "_series": {
        "throughput": [
          1552.654179,
          1554.254665,
          1552.146017
        ],
        "process_avg_ms": [
          255.67,
          255.68,
          255.42
        ],
        "process_p99_ms": [
          269.03,
          269.45,
          271.44
        ],
        "status_avg_ms": [
          207.54,
          207.03,
          208.21
        ],
        "status_p99_ms": [
          220.11,
          220.39,
          223.55
        ],
        "error_rate": [
          0.19,
          0.3,
          0.28
        ],
        "max_threads": [
          114,
          114,
          114
        ],
        "max_cpu": [
          130.1,
          98.7,
          111.1
        ],
        "avg_cpu": [
          39.9,
          43.6,
          42.8
        ],
        "max_rss_mb": [
          253.2,
          248.9,
          245.0
        ],
        "max_heap_mb": [
          90.0,
          85.0,
          87.0
        ],
        "gc_events": [
          287,
          290,
          296
        ],
        "gc_pause_ms": [
          null,
          null,
          null
        ]
      }
    },
    "virtual": {
      "series_count": 3,
      "throughput": 6809.85,
      "error_rate": 0.05,
      "process_avg_ms": 82.05,
      "process_p99_ms": 95.64,
      "status_avg_ms": 31.8,
      "status_p99_ms": 42.12,
      "max_threads": 17,
      "max_cpu": 212.43,
      "avg_cpu": 103.17,
      "max_rss_mb": 435.27,
      "max_heap_mb": 368.67,
      "gc_events": 285.67,
      "gc_pause_ms": null,
      "_series": {
        "throughput": [
          6809.849443,
          6818.292549,
          6778.880551
        ],
        "process_avg_ms": [
          82.05,
          81.98,
          82.26
        ],
        "process_p99_ms": [
          95.64,
          91.93,
          96.44
        ],
        "status_avg_ms": [
          31.8,
          31.76,
          32.0
        ],
        "status_p99_ms": [
          42.12,
          40.66,
          43.17
        ],
        "error_rate": [
          0.05,
          0.05,
          0.05
        ],
        "max_threads": [
          17,
          17,
          17
        ],
        "max_cpu": [
          212.6,
          212.6,
          212.1
        ],
        "avg_cpu": [
          101.7,
          102.2,
          105.6
        ],
        "max_rss_mb": [
          437.3,
          453.5,
          415.0
        ],
        "max_heap_mb": [
          365.0,
          361.0,
          380.0
        ],
        "gc_events": [
          278,
          294,
          285
        ],
        "gc_pause_ms": [
          null,
          null,
          null
        ]
      }
    }
  }
}